[
    {
        "value": "napoli",
        "name": "Napoli",
        "backgroundImage": "napoli.jpg",
        "places" : [
            {
                "name" : "Museo Archeologico Nazionale", 
                "link": "https://www.google.com/maps/place/Museo+Archeologico+Nazionale+di+Napoli/@40.8535985,14.2483367,17z/data=%213m1%214b1%214m5%213m4%211s0x133b0867e2c94023:0xb48ecf1589057c98%218m2%213d40.8535985%214d14.2505254"
            },
            {
                "name" : "Antica Pizzeria da Michele", 
                "link": "https://www.google.com/maps/place/L%27Antica+Pizzeria+Da+Michele/@40.8497563,14.2611115,17z/data=%213m1%214b1%214m5%213m4%211s0x133b083f8db6b079:0x5ab2972d7365b642%218m2%213d40.8497563%214d14.2633002"
            },
            {
                "name" : "Museo Archeologico Nazionale", 
                "link": "https://www.google.com/maps/place/Museo+Archeologico+Nazionale+di+Napoli/@40.8535985,14.2483367,17z/data=%213m1%214b1%214m5%213m4%211s0x133b0867e2c94023:0xb48ecf1589057c98%218m2%213d40.8535985%214d14.2505254"
            }
        ]
    },

    {
        "value": "firenze",
        "name" : "Firenze",
        "backgroundImage": "firenze.jpg",
        "places" : [
            {
                "name" : "Museo Archeologico Nazionale", 
                "link": "https://www.google.com/maps/place/Museo+Archeologico+Nazionale+di+Napoli/@40.8535985,14.2483367,17z/data=%213m1%214b1%214m5%213m4%211s0x133b0867e2c94023:0xb48ecf1589057c98%218m2%213d40.8535985%214d14.2505254"
            },
            {
                "name" : "Museo Archeologico Nazionale", 
                "link": "https://www.google.com/maps/place/Museo+Archeologico+Nazionale+di+Napoli/@40.8535985,14.2483367,17z/data=%213m1%214b1%214m5%213m4%211s0x133b0867e2c94023:0xb48ecf1589057c98%218m2%213d40.8535985%214d14.2505254"
            }
        ]
    }
]