[
    {
        "value": "napoli",
        "name": "Napoli",
        "backgroundImage": "napoli.jpg",
        "musei" : [
            {
                "name" : "Museo Archeologico Nazionale", 
                "link": "https://www.google.com/maps/place/Museo+Archeologico+Nazionale+di+Napoli/@40.8535985,14.2483367,17z/data=%213m1%214b1%214m5%213m4%211s0x133b0867e2c94023:0xb48ecf1589057c98%218m2%213d40.8535985%214d14.2505254"
            },
            {
                "name" : "Bosco di Capodimonte", 
                "link": "https://www.google.com/maps/place/Via+Bosco+di+Capodimonte,+80131+Napoli+NA/@40.8714462,14.2458802,17z/data=!3m1!4b1!4m5!3m4!1s0x133b0878fd70912b:0xec7d967a7610e01a!8m2!3d40.8714462!4d14.2480689"
            },
            {
                "name" : "Napoli sotterranea", 
                "link": "https://www.google.com/maps/place/Napoli+Sotterranea/@40.8510758,14.2547124,17z/data=!3m1!4b1!4m5!3m4!1s0x133b0841f0e1c241:0xdf95d1da17095a68!8m2!3d40.8510758!4d14.2569011"
            }
        ],
        "ristoranti" : [
            {
                "name" : "Antica Pizzeria da Michele", 
                "link": "https://www.google.com/maps/place/L%27Antica+Pizzeria+Da+Michele/@40.8497563,14.2611115,17z/data=%213m1%214b1%214m5%213m4%211s0x133b083f8db6b079:0x5ab2972d7365b642%218m2%213d40.8497563%214d14.2633002"
            },
            {
                "name" : "Pizzeria Sorbillo", 
                "link": "https://www.google.com/maps/place/Gino+e+Tot%C3%B2+Sorbillo/@40.8497549,14.2457906,14z/data=!4m8!1m2!2m1!1spizzeria+sorbillo!3m4!1s0x133b084248f325bb:0xbd02ed67d632a4e4!8m2!3d40.8504129!4d14.2553176"
            },
            {
                "name" : "Eccellenze Campane", 
                "link": "https://www.google.com/maps/place/Eccellenze+Campane/@40.8484829,14.2808801,17z/data=!3m1!4b1!4m5!3m4!1s0x133b081fa19f6efd:0x5b387a91a72be5ed!8m2!3d40.8484829!4d14.2830688"
            }
        ],
        "attività" : [
            {
                "name" : "Arenile di Bagnoli", 
                "link": "https://www.google.com/maps/place/Arenile+di+Bagnoli/@40.8130396,14.1647689,17z/data=!3m1!4b1!4m5!3m4!1s0x133b0e99c81ad921:0xb8c1323eff91dbd3!8m2!3d40.8130396!4d14.1669576"
            },
            {
                "name" : "Teatro San Carlo", 
                "link": "https://www.google.com/maps/place/Teatro+di+San+Carlo/@40.8374847,14.2474491,17z/data=!3m1!4b1!4m5!3m4!1s0x133b085218e9d0d3:0xf4bc5fe47dfae739!8m2!3d40.8374847!4d14.2496378"
            },
            {
                "name" : "Disco Bowling", 
                "link": "https://www.google.com/maps/place/Disco+Bowling+Hamburgeria+-+Panino+Pizza/@40.8981196,14.3118059,17z/data=!3m1!4b1!4m5!3m4!1s0x133b0786c72bb55d:0xc6e37e749c3ff98e!8m2!3d40.8981196!4d14.3139946"
            }
        ]
    },

    {
        "value": "firenze",
        "name" : "Firenze",
        "backgroundImage": "firenze.jpg",
        "musei" : [
            {
                "name" : "Museo degli Uffizi", 
                "link": "https://www.google.com/maps/place/Galleria+degli+Uffizi/@43.7677856,11.2531221,17z/data=!3m2!4b1!5s0x132a540087230dbb:0xff95595eb045fc7b!4m5!3m4!1s0x132a54008dc59081:0xcddeb7c89bf0c4cd!8m2!3d43.7677856!4d11.2553108"
            },
            {
                "name" : "Museo di Leonardo", 
                "link": "https://www.google.com/maps/place/Museo+Leonardo+Da+Vinci/@43.7762689,11.2545947,17z/data=!3m1!4b1!4m5!3m4!1s0x132a54034600a21d:0xaecfe6b43e78715b!8m2!3d43.7762689!4d11.2567834"
            },
            {
                "name" : "Palazzo della Signoria", 
                "link": "https://www.google.com/maps/place/Palazzo+Vecchio/@43.7693012,11.2539622,17z/data=!3m1!4b1!4m5!3m4!1s0x132a5400e57893f9:0xe4e22be754c65787!8m2!3d43.7693012!4d11.2561509"
            }
        ],
        "ristoranti" : [
            {
                "name" : "Auditore Ristorante", 
                "link": "https://www.google.com/maps/place/Auditore+Ristorante/@43.7687347,11.2544598,17z/data=!3m1!4b1!4m5!3m4!1s0x132a5400c01eb923:0x12a9dd0a3d46b09a!8m2!3d43.7687347!4d11.2566485"
            },
            {
                "name" : "La Boheme", 
                "link": "https://www.google.com/maps/place/La+Boh%C3%A8me+Ristorante+FIRENZE/@43.7776338,11.2528359,17z/data=!3m1!4b1!4m5!3m4!1s0x132a541d5d15d377:0x849e33b0276a3fac!8m2!3d43.7776338!4d11.2550246"
            },
            {
                "name" : "Panini del Duomo", 
                "link": "https://www.google.com/maps/place/Panini+Toscani/@43.7729374,11.255184,17z/data=!4m8!1m2!2m1!1spanini+del+duomo!3m4!1s0x132a5403f3769127:0x5c1d33707e1f0f62!8m2!3d43.7733278!4d11.2576347"
            }
        ],
        "attività" : [
            {
                "name" : "Rasputin", 
                "link": "https://www.google.com/maps/place/Rasputin/@43.7663234,11.2458302,17z/data=!3m1!4b1!4m5!3m4!1s0x132a51548fb4d441:0x36701dbbd685486a!8m2!3d43.7663234!4d11.2480189"
            },
            {
                "name" : "Cinema Odeon", 
                "link": "https://www.google.com/maps/place/Cinema+Odeon+Firenze/@43.7710017,11.2503113,17z/data=!3m1!4b1!4m5!3m4!1s0x132a5401d134bbeb:0xcd49bb1e9005dc80!8m2!3d43.7710017!4d11.2525"
            },
            {
                "name" : "Blue Velvet", 
                "link": "https://www.google.com/maps/place/Blue+Velvet/@43.768191,11.2546623,17z/data=!3m1!4b1!4m5!3m4!1s0x132a5400bcfa09b7:0xd7900bb816f57aaf!8m2!3d43.768191!4d11.256851"
            }
        ]
    },
    {
        "value": "milano",
        "name": "Milano",
        "backgroundImage": "milano.jpg",
        "musei" : [
            {
                "name" : "Pinacoteca di Brera", 
                "link": "https://www.google.com/maps/place/Pinacoteca+di+Brera/@45.4719545,9.1856258,17z/data=!3m1!4b1!4m5!3m4!1s0x4786ee11587e4e1f:0x1b367a8e2cb13736!8m2!3d45.4719545!4d9.1878145"
            },
            {
                "name" : "Galleria di Arte Moderna", 
                "link": "https://www.google.com/maps/place/GAM+-+Galleria+d'Arte+Moderna/@45.4727935,9.1977501,17z/data=!3m1!4b1!4m5!3m4!1s0x4786c6b9166aa2d1:0xc193980dc5f1bc0b!8m2!3d45.4727935!4d9.1999388"
            },
            {
                "name" : "Museo del Novecento", 
                "link": "https://www.google.com/maps/place/Museo+del+Novecento/@45.4635176,9.1878319,17z/data=!3m1!4b1!4m5!3m4!1s0x40552e1b6195dd2d:0xd1d954af9e0b3836!8m2!3d45.4634871!4d9.1902915"
            }
        ],
        "ristoranti" : [
            {
                "name" : "Marecrudo Milano", 
                "link": "https://www.google.com/maps/place/Ristorante+%22Marecrudo+Milano%22/@45.4525439,9.1991718,17z/data=!4m5!3m4!1s0x4786c41f33f68053:0x308193ab4d47d61d!8m2!3d45.4525439!4d9.2013605"
            },
            {
                "name" : "Maison Touareg", 
                "link": "https://www.google.com/maps/place/Maison+Touareg/@45.4981527,9.1423784,17z/data=!3m1!4b1!4m5!3m4!1s0x4786c1ab19bfec37:0xc8893e29120c5a82!8m2!3d45.4981527!4d9.1445671"
            },
            {
                "name" : "Trattoria Trippa", 
                "link": "https://www.google.com/maps/place/Trattoria+Trippa/@45.4981527,9.1423784,17z/data=!4m5!3m4!1s0x4786c4218413ad69:0xfc783fe9dd0a5223!8m2!3d45.4521614!4d9.2054017"
            }
        ],
        "attività" : [
            {
                "name" : "Nottingham Forest", 
                "link": "https://www.google.com/maps/place/Nottingham+Forest/@45.468748,9.2045493,17z/data=!3m1!4b1!4m5!3m4!1s0x4786c6bda1b073db:0x6732e0c5b05868a0!8m2!3d45.468748!4d9.206738"
            },
            {
                "name" : "Teatro alla Scala", 
                "link": "https://www.google.com/maps/place/Teatro+alla+Scala/@45.4674021,9.1873625,17z/data=!3m1!4b1!4m5!3m4!1s0x4786c6ad891a5757:0x1bade948102e834f!8m2!3d45.4674021!4d9.1895512"
            },
            {
                "name" : "Amnesia", 
                "link": "https://www.google.com/maps/place/Amnesia/@45.4630176,9.2385705,17z/data=!3m1!4b1!4m5!3m4!1s0x4786c67aa5107aeb:0x39830facedd3250!8m2!3d45.4630176!4d9.2407592"
            }
        ]
    },
    {
        "value": "roma",
        "name": "Roma",
        "backgroundImage": "roma.jpg",
        "musei" : [
          {
            "name" : "Colosseo", 
            "link": "https://www.google.com/maps/search/colosseo/@41.8909937,12.4882725,16z/data=!3m1!4b1"
        },
        {
            "name" : "Musei Capitolini", 
            "link": "https://www.google.com/maps/place/Musei+Capitolini/@41.8929428,12.480369,17z/data=!3m1!4b1!4m5!3m4!1s0x132f604f7906ecf3:0xdea1467ab6c9ecfb!8m2!3d41.8929428!4d12.4825577"
        },
        {
            "name" : "Museo Napoleonico", 
            "link": "https://www.google.com/maps/place/Museo+Napoleonico/@41.901886,12.4697982,17z/data=!3m1!4b1!4m5!3m4!1s0x132f604b92a7a4d1:0xdd423d99537bea13!8m2!3d41.901886!4d12.4719869"
        }
        ],
        "ristoranti" : [
            {
                "name" : "Tonnarello", 
                "link": "https://www.google.com/maps/place/Tonnarello/@41.8898332,12.4671708,17z/data=!3m1!4b1!4m5!3m4!1s0x132f603881103955:0x40ce99886a2ccd58!8m2!3d41.8898332!4d12.4693595"
            },
            {
                "name" : "Vecchia Roma", 
                "link": "https://www.google.com/maps/place/Vecchia+Roma/@41.894009,12.4820571,15z/data=!4m8!1m2!2m1!1svecchia+roma!3m4!1s0x132f61bc8af49cfd:0xdb173fd38c57770a!8m2!3d41.8937182!4d12.5023942"
            },
            {
                "name" : "La Pergola", 
                "link": "https://www.google.com/maps/place/La+Pergola/@41.9189892,12.4444722,17z/data=!3m1!4b1!4m5!3m4!1s0x132f608452400f1f:0x2f653a624d754ad9!8m2!3d41.9189892!4d12.4466609"
            }
        ],
        "attività" : [
            {
                "name" : "Club Spirito", 
                "link": "https://www.google.com/maps/place/Spirito+Pigneto/@41.889297,12.5281453,17z/data=!3m1!4b1!4m5!3m4!1s0x132f6227677566db:0x1b7fda7581c529cb!8m2!3d41.889297!4d12.530334"
            },
            {
                "name" : "Teatro Salone Margherita", 
                "link": "https://www.google.com/maps/place/Teatro+Salone+Margherita/@41.904256,12.4818153,17z/data=!3m1!4b1!4m5!3m4!1s0x132f61ab35366f51:0x7ba6cd384e178085!8m2!3d41.904256!4d12.484004"
            },
            {
                "name" : "Bowling Brunswick", 
                "link": "https://www.google.com/maps/place/Bowling+Brunswick/@41.9338873,12.477124,17z/data=!3m1!4b1!4m5!3m4!1s0x132f60df4f1425b3:0xc15f8b9422a5a3ec!8m2!3d41.9338873!4d12.4793127"
            }
        ]
    }
]