[
    {
        "value": "napoli",
        "name": "Napoli",
        "backgroundImage": "napoli.jpg",
        "places" : [
            {
                "name" : "Museo Archeologico Nazionale", 
                "link": "https://www.google.com/maps/place/Museo+Archeologico+Nazionale+di+Napoli/@40.8535985,14.2483367,17z/data=%213m1%214b1%214m5%213m4%211s0x133b0867e2c94023:0xb48ecf1589057c98%218m2%213d40.8535985%214d14.2505254"
            },
            {
                "name" : "Bosco di Capodimonte", 
                "link": "https://www.google.com/maps/place/Via+Bosco+di+Capodimonte,+80131+Napoli+NA/@40.8714462,14.2458802,17z/data=!3m1!4b1!4m5!3m4!1s0x133b0878fd70912b:0xec7d967a7610e01a!8m2!3d40.8714462!4d14.2480689"
            },
            {
                "name" : "Napoli sotterranea", 
                "link": "https://www.google.com/maps/place/Napoli+Sotterranea/@40.8510758,14.2547124,17z/data=!3m1!4b1!4m5!3m4!1s0x133b0841f0e1c241:0xdf95d1da17095a68!8m2!3d40.8510758!4d14.2569011"
            }
        ]
    },

    {
        "value": "firenze",
        "name" : "Firenze",
        "backgroundImage": "firenze.jpg",
        "places" : [
            {
                "name" : "Museo degli Uffizi", 
                "link": "https://www.google.com/maps/place/Galleria+degli+Uffizi/@43.7677856,11.2531221,17z/data=!3m2!4b1!5s0x132a540087230dbb:0xff95595eb045fc7b!4m5!3m4!1s0x132a54008dc59081:0xcddeb7c89bf0c4cd!8m2!3d43.7677856!4d11.2553108"
            },
            {
                "name" : "Museo di Leonardo", 
                "link": "https://www.google.com/maps/place/Museo+Leonardo+Da+Vinci/@43.7762689,11.2545947,17z/data=!3m1!4b1!4m5!3m4!1s0x132a54034600a21d:0xaecfe6b43e78715b!8m2!3d43.7762689!4d11.2567834"
            },
            {
                "name" : "Palazzo della Signoria", 
                "link": "https://www.google.com/maps/place/Palazzo+Vecchio/@43.7693012,11.2539622,17z/data=!3m1!4b1!4m5!3m4!1s0x132a5400e57893f9:0xe4e22be754c65787!8m2!3d43.7693012!4d11.2561509"
            }
        ]
    },
    {
        "value": "milano",
        "name": "Milano",
        "backgroundImage": "milano.jpg",
        "places" : [
            {
                "name" : "Pinacoteca di Brera", 
                "link": "https://www.google.com/maps/place/Pinacoteca+di+Brera/@45.4719545,9.1856258,17z/data=!3m1!4b1!4m5!3m4!1s0x4786ee11587e4e1f:0x1b367a8e2cb13736!8m2!3d45.4719545!4d9.1878145"
            },
            {
                "name" : "Galleria di Arte Moderna", 
                "link": "https://www.google.com/maps/place/GAM+-+Galleria+d'Arte+Moderna/@45.4727935,9.1977501,17z/data=!3m1!4b1!4m5!3m4!1s0x4786c6b9166aa2d1:0xc193980dc5f1bc0b!8m2!3d45.4727935!4d9.1999388"
            },
            {
                "name" : "Museo del Novecento", 
                "link": "https://www.google.com/maps/place/Museo+del+Novecento/@45.4635176,9.1878319,17z/data=!3m1!4b1!4m5!3m4!1s0x40552e1b6195dd2d:0xd1d954af9e0b3836!8m2!3d45.4634871!4d9.1902915"
            }
        ]
    },
    {
        "value": "roma",
        "name": "Roma",
        "backgroundImage": "roma.jpg",
        "places" : [
          {
            "name" : "Colosseo", 
            "link": "https://www.google.com/maps/search/colosseo/@41.8909937,12.4882725,16z/data=!3m1!4b1"
        },
        {
            "name" : "Musei Capitolini", 
            "link": "https://www.google.com/maps/place/Musei+Capitolini/@41.8929428,12.480369,17z/data=!3m1!4b1!4m5!3m4!1s0x132f604f7906ecf3:0xdea1467ab6c9ecfb!8m2!3d41.8929428!4d12.4825577"
        },
        {
            "name" : "Museo Napoleonico", 
            "link": "https://www.google.com/maps/place/Museo+Napoleonico/@41.901886,12.4697982,17z/data=!3m1!4b1!4m5!3m4!1s0x132f604b92a7a4d1:0xdd423d99537bea13!8m2!3d41.901886!4d12.4719869"
        }
        ]
    }
]